ID,Name,PhotoUrl
1674921341,Randy Black,https://randomuser.me/api/portraits/men/41.jpg
1440969794,Brandie Nelson,https://randomuser.me/api/portraits/women/16.jpg
1569192670,Cathriona Chapman,https://randomuser.me/api/portraits/women/7.jpg
1022726138,Nanna Kristensen,https://randomuser.me/api/portraits/women/57.jpg
1104738811,Julia Vidal,https://randomuser.me/api/portraits/women/75.jpg
1848727008,Rebecca Long,https://randomuser.me/api/portraits/women/59.jpg
1232485088,Ella Petersen,https://randomuser.me/api/portraits/women/94.jpg
374606661,Katrine Olsen,https://randomuser.me/api/portraits/women/11.jpg
2134775502,Adam Christiansen,https://randomuser.me/api/portraits/men/57.jpg
1740435976,Heidi Nordheim,https://randomuser.me/api/portraits/women/33.jpg
